Timestamp,Heart_Rate_BPM,HRV_RMSSD_ms,Breathing_Rate_BPM
2026-06-03 14:49:28,104.3,--,--
2026-06-03 14:49:29,121.5,--,--
2026-06-03 14:49:30,100.7,--,--
2026-06-03 14:49:31,118.3,--,--
2026-06-03 14:49:32,52.2,--,--
2026-06-03 14:49:33,58.7,--,--
2026-06-03 14:49:34,79.8,--,--
2026-06-03 14:49:35,79.8,--,--
2026-06-03 14:49:36,79.8,--,--
2026-06-03 14:49:37,79.8,--,--
2026-06-03 14:49:38,88.7,--,--
2026-06-03 14:49:39,52.9,--,--
2026-06-03 14:49:40,53.2,--,--
2026-06-03 14:49:41,52.9,--,--
2026-06-03 14:49:42,62.1,--,--
2026-06-03 14:49:43,62.1,--,--
2026-06-03 14:49:44,61.8,--,--
2026-06-03 14:49:45,52.9,--,--
2026-06-03 14:49:46,79.8,--,--
2026-06-03 14:49:47,79.4,282.4,27.4
2026-06-03 14:49:48,88.2,288.3,26.9
2026-06-03 14:49:49,88.7,302.9,26.9
2026-06-03 14:49:50,88.7,252.9,26.9
2026-06-03 14:49:51,88.7,285.7,26.9
2026-06-03 14:49:52,61.8,285.7,26.9
2026-06-03 14:49:53,62.1,279.3,27.4
2026-06-03 14:49:54,62.1,268.5,26.9
2026-06-03 14:49:55,88.7,232.6,26.9
2026-06-03 14:49:56,88.7,212.5,26.9
2026-06-03 14:49:57,88.7,222.6,26.9
2026-06-03 14:49:58,89.1,243.7,29.1
2026-06-03 14:49:59,53.2,225.8,24.6
2026-06-03 14:50:00,62.1,229.9,20.1
2026-06-03 14:50:26,79.8,--,--
2026-06-03 14:50:27,70.9,--,--
2026-06-03 14:50:28,70.9,--,--
2026-06-03 14:50:29,70.6,--,--
2026-06-03 14:50:30,70.9,--,--
2026-06-03 14:50:31,70.9,--,--
2026-06-03 14:50:32,61.8,--,--
2026-06-03 14:50:33,61.8,--,--
2026-06-03 14:50:34,70.9,--,--
2026-06-03 14:50:35,70.9,--,--
2026-06-03 14:50:36,70.6,--,--
2026-06-03 14:58:16,97.6,--,--
2026-06-03 14:58:17,94.0,--,--
2026-06-03 14:58:18,89.6,--,--
2026-06-03 14:58:19,87.9,--,--
2026-06-03 14:58:20,89.6,--,--
2026-06-03 14:58:21,93.2,--,--
2026-06-03 14:58:22,106.3,--,--
2026-06-03 14:58:23,125.7,--,--
2026-06-03 14:58:24,91.4,--,--
2026-06-03 14:58:25,101.1,--,--
2026-06-03 14:58:26,101.1,--,--
2026-06-03 14:58:27,98.4,--,--
2026-06-03 14:58:28,89.6,--,--
2026-06-03 14:58:29,87.9,--,--
2026-06-03 14:58:30,91.4,--,--
2026-06-03 14:58:31,55.4,--,--
2026-06-03 14:58:32,116.0,--,--
2026-06-03 14:58:33,88.8,--,--
2026-06-03 14:58:34,124.8,--,--
2026-06-03 14:58:35,127.4,--,--
2026-06-03 14:58:36,90.5,161.7,15.8
2026-06-03 14:58:37,89.6,177.9,15.8
2026-06-03 14:58:38,89.6,163.4,15.8
2026-06-03 14:58:39,86.1,163.4,15.8
2026-06-03 14:58:40,102.8,163.4,15.8
2026-06-03 14:58:41,102.8,163.4,15.8
2026-06-03 14:58:42,56.2,163.4,15.8
2026-06-03 14:58:43,58.0,163.4,15.8
2026-06-03 14:58:44,59.8,163.4,15.8
2026-06-03 14:58:45,68.6,163.4,15.8
2026-06-03 14:58:46,48.3,163.4,15.8
2026-06-03 14:58:47,119.5,186.8,15.8
2026-06-03 14:58:48,84.4,127.1,15.8
2026-06-03 14:58:49,87.0,170.3,15.8
2026-06-03 14:58:50,86.1,170.3,15.8
2026-06-03 14:58:51,106.3,193.1,15.8
2026-06-03 14:58:52,108.1,173.4,15.8
2026-06-03 14:58:53,108.1,192.7,15.8
2026-06-03 14:58:54,110.7,192.7,15.8
2026-06-03 14:58:55,111.6,192.7,15.8
2026-06-03 14:58:56,69.4,192.7,15.8
2026-06-03 14:58:57,66.8,157.5,16.7
2026-06-03 14:58:58,62.4,139.4,16.7
2026-06-03 14:58:59,65.9,139.4,16.7
2026-06-03 14:59:00,71.2,139.4,16.7
2026-06-03 14:59:01,74.7,139.4,16.7
2026-06-03 14:59:02,87.9,139.4,16.7
2026-06-03 14:59:03,89.6,150.8,17.6
2026-06-03 14:59:04,88.8,130.0,17.6
2026-06-03 14:59:05,116.0,145.5,17.6
2026-06-03 14:59:06,116.0,116.3,17.6
2026-06-03 14:59:07,116.0,135.4,16.7
2026-06-03 14:59:08,114.3,166.1,16.7
2026-06-03 14:59:09,77.3,176.2,22.9
2026-06-03 14:59:22,69.4,--,--
2026-06-03 14:59:24,75.6,--,--
2026-06-03 14:59:25,78.2,--,--
2026-06-03 14:59:26,80.0,--,--
2026-06-03 14:59:27,88.8,--,--
2026-06-03 14:59:28,91.4,--,--
2026-06-03 14:59:29,93.2,--,--
2026-06-03 14:59:30,94.0,--,--
2026-06-03 14:59:31,94.9,--,--
2026-06-03 14:59:32,94.9,--,--
2026-06-03 14:59:33,129.2,--,--
2026-06-03 14:59:34,50.1,--,--
2026-06-03 14:59:35,53.6,--,--
2026-06-03 14:59:36,56.2,--,--
2026-06-03 14:59:37,57.1,--,--
2026-06-03 14:59:38,55.4,--,--
2026-06-03 14:59:39,53.6,--,--
2026-06-03 14:59:40,117.8,--,--
2026-06-03 14:59:41,123.0,--,--
2026-06-03 14:59:42,123.9,146.7,9.7
2026-06-03 14:59:43,73.8,146.7,9.7
2026-06-03 14:59:44,70.3,146.7,9.7
2026-06-03 14:59:45,69.4,146.7,9.7
2026-06-03 14:59:46,66.8,146.7,9.7
2026-06-03 15:24:31,80.0,--,--
2026-06-03 15:24:32,77.3,--,--
2026-06-03 15:24:33,72.9,--,--
2026-06-03 15:24:34,138.9,--,--
2026-06-03 15:24:35,136.2,--,--
2026-06-03 15:24:36,134.5,--,--
2026-06-03 15:24:37,86.1,--,--
2026-06-03 15:24:38,56.2,--,--
2026-06-03 15:24:39,58.0,--,--
2026-06-03 15:24:40,62.4,--,--
2026-06-03 15:24:41,69.4,--,--
2026-06-03 15:24:42,71.2,--,--
2026-06-03 15:24:43,70.3,--,--
2026-06-03 15:24:45,69.4,--,--
2026-06-03 15:24:46,116.9,--,--
2026-06-03 15:24:47,84.4,--,--
2026-06-03 15:24:48,82.6,--,--
2026-06-03 15:24:49,80.0,--,--
2026-06-03 15:24:50,72.9,190.2,14.9
2026-06-03 15:24:51,68.6,197.6,9.7
2026-06-03 15:24:52,94.9,187.8,23.7
2026-06-03 15:24:53,95.8,198.5,23.7
2026-06-03 15:24:54,109.9,198.5,23.7
2026-06-03 15:24:55,73.8,198.5,23.7
2026-06-03 15:24:56,70.3,198.5,23.7
2026-06-03 15:24:57,67.7,199.9,23.7
2026-06-03 15:29:58,95.8,--,--
2026-06-03 15:29:59,97.6,--,--
2026-06-03 15:30:00,66.8,--,--
2026-06-03 15:30:01,90.5,--,--
2026-06-03 15:30:02,86.1,--,--
2026-06-03 15:30:03,87.0,--,--
2026-06-03 15:30:04,90.5,--,--
2026-06-03 15:30:05,89.6,--,--
2026-06-03 15:30:06,87.0,--,--
2026-06-03 15:30:07,85.3,--,--
2026-06-03 15:30:08,52.7,--,--
2026-06-03 15:30:09,54.5,--,--
2026-06-03 15:30:10,58.0,--,--
2026-06-03 15:30:11,58.9,--,--
2026-06-03 15:30:12,58.9,--,--
2026-06-03 15:30:13,53.6,--,--
2026-06-03 15:30:14,89.6,--,--
2026-06-03 15:30:15,91.4,--,--
2026-06-03 15:30:16,89.6,--,--
2026-06-03 15:30:17,65.9,--,--
2026-06-03 15:30:18,65.9,180.6,21.1
2026-06-03 15:30:19,64.2,191.9,21.1
2026-06-03 15:30:20,63.3,191.9,21.1
2026-06-03 15:30:21,65.9,191.9,21.1
2026-06-03 15:30:22,69.4,191.9,21.1
2026-06-03 15:30:23,72.9,191.9,21.1
2026-06-03 15:30:24,116.0,191.9,21.1
2026-06-03 15:30:25,117.8,191.9,21.1
2026-06-03 15:30:26,60.6,191.9,21.1
2026-06-03 15:30:27,68.6,191.9,21.1
2026-06-03 15:30:28,70.3,191.9,21.1
2026-06-03 15:30:29,72.1,185.9,21.1
2026-06-03 15:30:30,73.8,185.9,21.1
2026-06-03 15:30:31,74.7,199.7,20.2
2026-06-03 15:30:32,80.9,199.7,20.2
2026-06-03 15:30:33,58.9,197.3,20.2
2026-06-03 15:30:34,60.6,195.4,18.5
2026-06-03 15:30:35,62.4,195.4,18.5
2026-06-03 15:30:36,59.8,195.4,18.5
2026-06-03 15:30:37,55.4,195.4,18.5
2026-06-03 15:30:38,90.5,195.4,18.5
2026-06-03 15:30:39,87.9,181.4,17.6
2026-06-03 15:30:40,87.0,181.4,17.6
2026-06-03 15:30:41,102.0,181.4,17.6
2026-06-03 15:30:42,55.4,181.4,17.6
2026-06-03 15:30:43,55.4,181.4,17.6
2026-06-03 15:30:44,84.4,181.4,17.6
2026-06-03 15:30:46,81.7,199.6,17.6
2026-06-03 15:30:47,82.6,199.6,17.6
2026-06-03 15:30:48,83.5,199.6,17.6
2026-06-03 15:30:49,88.8,199.6,17.6
2026-06-03 15:30:50,90.5,199.6,17.6
2026-06-03 15:30:51,87.0,182.7,18.5
2026-06-03 15:30:52,87.9,195.3,18.5
2026-06-03 15:30:53,69.4,195.3,18.5
2026-06-03 15:30:54,92.3,195.3,18.5
2026-06-03 15:30:55,88.8,196.1,19.3
2026-06-03 15:30:56,86.1,196.1,19.3
2026-06-03 15:30:57,84.4,196.1,19.3
2026-06-03 15:30:58,83.5,196.1,19.3
2026-06-03 15:30:59,84.4,196.1,19.3
2026-06-03 15:31:00,86.1,196.1,19.3
2026-06-03 15:31:01,87.9,196.1,19.3
2026-06-03 15:31:02,66.8,196.1,19.3
2026-06-03 15:31:03,72.1,196.1,19.3
2026-06-03 15:31:04,79.1,173.1,16.7
2026-06-03 15:31:05,80.9,173.1,16.7
2026-06-03 15:46:19,56.2,--,--
2026-06-03 15:46:20,56.2,--,--
2026-06-03 15:46:21,55.4,--,--
2026-06-03 15:46:22,53.6,--,--
2026-06-03 15:46:23,51.9,--,--
2026-06-03 15:46:24,52.7,--,--
2026-06-03 15:46:25,59.8,--,--
2026-06-03 15:46:26,61.5,--,--
2026-06-03 15:46:27,60.6,--,--
2026-06-03 15:46:28,64.2,--,--
2026-06-03 15:46:29,69.4,--,--
2026-06-03 15:46:30,76.5,--,--
2026-06-03 15:46:31,77.3,--,--
2026-06-03 15:46:32,75.6,--,--
2026-06-03 15:46:33,76.5,--,--
2026-06-03 15:46:34,78.2,--,--
2026-06-03 15:46:35,87.0,--,--
2026-06-03 15:46:36,90.5,--,--
2026-06-03 15:46:37,92.3,--,--
2026-06-03 15:46:38,94.0,190.6,11.4
2026-06-03 15:46:39,94.0,192.3,11.4
2026-06-03 15:46:40,91.4,187.0,11.4
2026-06-03 15:46:41,87.9,185.7,9.7
2026-06-03 15:46:42,82.6,185.7,9.7
2026-06-03 15:46:43,74.7,193.4,9.7
2026-06-03 15:46:44,59.8,178.3,9.7
2026-06-03 15:46:45,74.7,179.8,18.5
2026-06-03 15:46:47,81.7,179.8,18.5
2026-06-03 15:46:48,86.1,179.8,18.5
2026-06-03 15:46:49,88.8,179.8,18.5
2026-06-03 15:46:50,91.4,179.8,18.5
2026-06-03 15:46:51,94.0,179.8,18.5
2026-06-03 15:46:52,97.6,179.8,18.5
2026-06-03 15:46:53,101.1,179.8,18.5
2026-06-03 15:46:54,102.8,179.8,18.5
2026-06-03 15:46:55,103.7,199.3,13.2
2026-06-03 15:46:56,104.6,188.7,13.2
2026-06-03 15:46:57,105.5,196.2,13.2
2026-06-03 15:46:58,107.2,190.2,14.1
2026-06-03 15:46:59,107.2,166.2,13.2
2026-06-03 15:47:00,106.3,171.4,13.2
2026-06-03 15:47:01,111.6,164.8,14.1
2026-06-03 15:47:02,96.7,167.7,26.4
2026-06-03 15:47:03,90.5,187.5,25.5
2026-06-03 15:47:04,85.3,187.5,25.5
2026-06-03 15:47:05,86.1,169.4,25.5
2026-06-03 15:47:06,87.9,163.7,25.5
2026-06-03 15:47:07,89.6,170.9,25.5
2026-06-03 15:47:08,89.6,175.0,25.5
2026-06-03 15:47:09,88.8,175.0,25.5
2026-06-03 15:47:10,91.4,170.5,25.5
2026-06-03 15:47:11,76.5,170.5,25.5
2026-06-03 15:47:12,72.9,170.5,25.5
2026-06-03 15:47:13,87.9,170.5,25.5
2026-06-03 15:47:14,90.5,189.2,26.4
2026-06-03 15:47:15,87.9,184.2,26.4
2026-06-03 15:47:16,72.9,175.7,27.2
2026-06-03 15:47:17,58.0,175.7,27.2
2026-06-03 15:47:18,53.6,175.7,27.2
2026-06-03 15:47:19,50.1,175.7,27.2
2026-06-03 15:47:20,49.2,191.0,27.2
2026-06-03 15:47:21,57.1,191.0,27.2
2026-06-03 15:47:22,62.4,191.0,27.2
2026-06-03 15:47:23,58.9,191.0,27.2
2026-06-03 15:47:24,55.4,191.0,27.2
2026-06-03 15:47:25,52.7,191.0,27.2
2026-06-03 15:47:26,53.6,191.0,27.2
2026-06-03 15:47:27,58.0,191.0,27.2
2026-06-03 15:47:28,71.2,191.0,27.2
2026-06-03 15:47:29,73.8,172.7,24.6
2026-06-03 15:47:30,74.7,148.4,24.6
2026-06-03 15:47:31,73.8,176.2,24.6
2026-06-03 15:47:32,71.2,176.2,24.6
2026-06-03 15:47:33,66.8,176.2,24.6
2026-06-03 15:47:59,86.1,--,--
2026-06-03 15:48:00,90.5,--,--
2026-06-03 15:48:01,75.6,--,--
2026-06-03 15:48:02,60.6,--,--
2026-06-03 15:48:03,55.4,--,--
2026-06-03 15:48:04,56.2,--,--
2026-06-03 15:48:05,63.3,--,--
2026-06-03 15:48:06,68.6,--,--
2026-06-03 15:48:07,74.7,--,--
2026-06-03 15:55:16,94.9,--,--
2026-06-03 15:55:17,94.9,--,--
2026-06-03 15:55:18,94.9,--,--
2026-06-03 15:55:19,94.9,--,--
2026-06-03 15:55:20,94.9,--,--
2026-06-03 15:55:21,94.9,--,--
2026-06-03 15:55:22,94.9,--,--
2026-06-03 15:55:23,94.9,--,--
2026-06-03 15:55:24,94.9,--,--
2026-06-03 15:55:25,94.9,--,--
2026-06-03 15:55:26,94.9,--,--
2026-06-03 15:55:27,94.9,--,--
2026-06-03 15:55:28,94.9,--,--
2026-06-03 15:55:29,94.9,--,--
2026-06-03 15:55:30,94.9,--,--
2026-06-03 15:55:31,94.9,--,--
2026-06-03 15:55:32,94.9,--,--
2026-06-03 15:55:34,94.9,--,--
2026-06-03 15:55:35,94.9,--,--
2026-06-03 15:55:36,94.9,152.9,12.3
2026-06-03 15:55:37,94.9,159.4,12.3
2026-06-03 15:55:38,94.9,175.1,12.3
2026-06-03 15:55:39,94.9,193.3,12.3
2026-06-03 15:55:40,94.9,193.3,12.3
2026-06-03 15:55:41,94.9,167.8,12.3
2026-06-03 15:55:42,94.9,167.8,12.3
2026-06-03 15:55:43,94.9,183.7,12.3
2026-06-03 15:55:44,94.9,195.0,12.3
2026-06-03 15:55:56,75.6,--,--
2026-06-03 15:55:57,75.6,--,--
2026-06-03 15:55:58,75.6,--,--
2026-06-03 15:55:59,75.6,--,--
2026-06-03 15:56:00,75.6,--,--
2026-06-03 15:56:01,75.6,--,--
2026-06-03 15:56:02,75.6,--,--
2026-06-03 15:56:03,75.6,--,--
2026-06-03 15:56:04,75.6,--,--
2026-06-03 15:56:05,75.6,--,--
2026-06-03 15:56:06,75.6,--,--
2026-06-03 15:56:07,75.6,--,--
2026-06-03 15:56:08,75.6,--,--
2026-06-03 15:56:09,75.6,--,--
2026-06-03 15:56:10,75.6,--,--
2026-06-03 15:56:11,75.6,--,--
2026-06-03 15:56:12,75.6,--,--
2026-06-03 15:56:13,75.6,--,--
2026-06-03 15:56:14,75.6,--,--
2026-06-03 15:56:15,75.6,194.9,23.7
2026-06-03 15:56:16,75.6,194.9,23.7
2026-06-03 15:56:17,75.6,194.9,23.7
2026-06-03 15:56:18,75.6,184.8,22.9
2026-06-03 15:56:19,75.6,192.4,22.9
2026-06-03 15:56:20,75.6,192.4,22.9
2026-06-03 15:56:21,75.6,192.4,22.9
2026-06-03 15:56:22,75.6,192.4,22.9
2026-06-03 15:56:23,75.6,192.4,22.9
2026-06-03 15:56:24,75.6,192.4,22.9
2026-06-03 15:56:25,75.6,192.4,22.9
2026-06-03 15:56:26,75.6,192.4,22.9
2026-06-03 15:56:27,75.6,192.4,22.9
2026-06-03 15:56:28,76.8,192.4,22.9
2026-06-03 15:56:29,76.8,192.4,22.9
2026-06-03 15:56:30,76.8,192.4,22.9
2026-06-03 15:56:31,76.8,192.4,22.9
2026-06-03 15:56:32,76.8,192.4,22.9
2026-06-03 15:56:33,76.8,192.4,22.9
2026-06-03 15:56:34,76.8,181.1,13.2
2026-06-03 15:56:35,76.8,181.1,13.2
2026-06-03 15:56:36,76.8,181.1,13.2
2026-06-03 15:56:37,76.8,181.1,13.2
2026-06-03 15:56:38,76.8,192.3,14.1
2026-06-03 15:56:39,76.8,192.3,14.1
2026-06-03 15:56:40,76.8,192.3,14.1
2026-06-03 15:56:41,76.8,192.3,14.1
2026-06-03 15:56:42,76.8,192.3,14.1
2026-06-03 15:56:43,76.8,166.4,14.9
2026-06-03 15:56:44,76.8,173.8,14.9
2026-06-03 16:07:33,120.4,--,--
2026-06-03 16:07:34,120.4,--,--
2026-06-03 16:07:35,120.4,--,--
2026-06-03 16:07:36,120.4,--,--
2026-06-03 16:07:37,120.4,--,--
2026-06-03 16:07:38,120.4,--,--
2026-06-03 16:07:39,102.7,--,--
2026-06-03 16:07:40,102.7,--,--
2026-06-03 16:07:41,102.7,--,--
2026-06-03 16:07:42,102.7,--,--
2026-06-03 16:07:43,102.7,--,--
2026-06-03 16:07:44,102.7,--,--
2026-06-03 16:07:45,89.3,--,--
2026-06-03 16:07:46,89.3,--,--
2026-06-03 16:07:47,89.3,--,--
2026-06-03 16:07:48,89.3,--,--
2026-06-03 16:07:49,89.4,--,--
2026-06-03 16:07:50,89.5,--,--
2026-06-03 16:07:51,89.5,171.4,14.1
2026-06-03 16:07:52,89.5,172.0,14.1
2026-06-03 16:07:53,89.5,171.0,14.1
2026-06-03 16:07:54,91.6,186.2,14.1
2026-06-03 16:07:55,92.6,181.8,14.1
2026-06-03 16:07:56,92.8,195.0,13.2
2026-06-03 16:07:57,92.1,193.9,13.2
2026-06-03 16:07:58,92.1,195.9,12.3
2026-06-03 16:07:59,92.1,195.9,12.3
2026-06-03 16:08:00,92.1,186.6,10.5
2026-06-03 16:08:01,92.1,174.6,22.0
2026-06-03 16:08:02,92.1,174.6,22.0
2026-06-03 16:08:03,92.1,174.6,22.0
2026-06-03 16:09:56,68.6,--,--
2026-06-03 16:09:57,68.6,--,--
2026-06-03 16:09:58,68.6,--,--
2026-06-03 16:09:59,68.6,--,--
2026-06-03 16:10:00,68.6,--,--
2026-06-03 16:10:01,68.6,--,--
2026-06-03 16:10:02,68.6,--,--
2026-06-03 16:10:03,68.6,--,--
2026-06-03 16:10:04,68.6,--,--
2026-06-03 16:10:05,67.2,--,--
2026-06-03 16:10:06,67.2,--,--
2026-06-03 16:10:07,67.2,--,--
2026-06-03 16:10:08,67.2,--,--
2026-06-03 16:10:09,67.2,--,--
2026-06-03 16:10:10,67.2,--,--
2026-06-03 16:10:11,67.2,--,--
2026-06-03 16:10:12,67.2,--,--
2026-06-03 16:10:13,67.2,--,--
2026-06-03 16:10:14,67.2,--,--
2026-06-03 16:10:15,67.2,--,--
2026-06-03 16:10:16,74.8,--,--
2026-06-03 16:10:17,74.8,--,--
2026-06-03 16:10:18,74.8,--,--
2026-06-03 16:10:19,74.8,194.8,10.5
2026-06-03 16:10:20,74.8,194.8,10.5
2026-06-03 16:10:21,77.1,177.7,13.2
2026-06-03 16:10:22,77.1,177.7,13.2
2026-06-03 16:10:23,77.1,177.7,13.2
2026-06-03 16:10:24,77.1,177.7,13.2
2026-06-03 16:10:25,77.1,177.7,13.2
2026-06-03 16:10:26,77.1,177.7,13.2
2026-06-03 16:10:27,75.3,177.7,13.2
2026-06-03 16:10:28,73.3,177.7,13.2
2026-06-03 16:10:29,73.3,184.8,15.8
2026-06-03 16:10:30,73.3,194.6,15.8
2026-06-03 16:10:31,73.3,199.7,16.7
2026-06-03 16:10:32,73.3,190.8,16.7
2026-06-03 16:10:33,73.3,187.9,22.9
2026-06-03 16:10:34,70.6,187.9,22.9
2026-06-03 16:10:35,68.9,187.9,22.9
2026-06-03 16:10:36,67.0,187.9,22.9
2026-06-03 16:10:37,64.8,183.1,23.7
2026-06-03 16:10:38,62.5,183.1,23.7
2026-06-03 16:10:39,60.9,183.1,23.7
2026-06-03 16:10:40,60.5,183.1,23.7
2026-06-03 16:10:42,60.5,183.1,23.7
2026-06-03 16:10:43,60.5,183.1,23.7
2026-06-03 16:10:44,60.5,183.1,23.7
2026-06-03 16:10:45,60.5,183.1,23.7
2026-06-03 16:10:46,62.7,183.1,23.7
2026-06-03 16:10:47,65.0,183.1,23.7
2026-06-03 16:10:48,66.6,183.1,23.7
2026-06-03 16:10:49,68.5,183.1,23.7
2026-06-03 16:10:50,70.4,183.1,23.7
2026-06-03 16:10:51,70.4,183.1,23.7
2026-06-03 16:10:52,70.4,199.7,28.1
2026-06-03 16:10:53,70.1,199.7,28.1
2026-06-03 16:10:54,70.1,199.7,28.1
2026-06-03 16:10:55,70.1,199.7,28.1
2026-06-03 16:10:56,70.1,199.7,28.1
2026-06-03 16:10:57,70.1,199.7,28.1
2026-06-03 16:10:58,70.1,199.7,28.1
2026-06-03 16:10:59,70.1,199.7,28.1
2026-06-03 16:11:00,70.1,199.7,28.1
2026-06-03 16:11:01,85.0,199.7,28.1
2026-06-03 16:11:02,85.0,199.7,28.1
2026-06-03 16:11:03,86.9,199.7,28.1
2026-06-03 16:11:04,86.7,199.7,28.1
2026-06-03 16:11:05,87.0,199.7,28.1
2026-06-03 16:11:06,87.8,199.7,28.1
2026-06-03 16:11:07,87.8,199.7,28.1
2026-06-03 16:11:08,87.8,199.7,28.1
2026-06-03 16:11:09,87.8,199.7,28.1
2026-06-03 16:11:10,87.8,199.7,28.1
2026-06-03 16:11:29,76.5,--,--
2026-06-03 16:11:30,76.7,--,--
2026-06-03 16:11:31,76.1,--,--
2026-06-03 16:11:32,75.2,--,--
2026-06-03 16:11:33,75.2,--,--
2026-06-03 16:11:34,75.2,--,--
2026-06-03 16:11:35,75.2,--,--
2026-06-03 16:11:36,75.2,--,--
2026-06-03 16:11:37,75.2,--,--
2026-06-03 16:11:38,74.0,--,--
2026-06-03 16:11:39,73.4,--,--
2026-06-03 16:11:40,73.4,--,--
2026-06-03 16:11:41,73.4,--,--
2026-06-03 16:11:42,73.4,--,--
2026-06-03 16:11:43,73.4,--,--
2026-06-03 16:11:44,73.4,--,--
2026-06-03 16:11:45,77.0,--,--
2026-06-03 16:11:46,79.2,--,--
2026-06-03 16:11:47,80.5,--,--
2026-06-03 16:11:48,80.5,--,--
2026-06-03 16:11:49,79.8,--,--
2026-06-03 16:11:50,79.8,--,--
2026-06-03 16:11:51,82.0,--,--
2026-06-03 16:11:52,84.0,--,--
2026-06-03 16:11:53,84.0,--,--
2026-06-03 16:11:54,84.0,--,--
2026-06-03 16:11:55,84.0,--,--
2026-06-03 16:11:56,84.0,--,--
2026-06-03 16:11:57,84.0,--,--
2026-06-03 16:11:58,84.0,--,--
2026-06-03 16:11:59,84.0,--,--
2026-06-03 16:12:00,84.0,--,--
2026-06-03 16:12:01,83.1,--,--
2026-06-03 16:12:02,83.1,--,--
2026-06-03 16:12:03,83.1,--,--
2026-06-03 16:12:04,83.1,179.2,14.9
2026-06-03 16:12:05,84.8,168.3,14.9
2026-06-03 16:12:06,84.9,189.5,14.9
2026-06-03 16:12:08,84.5,189.5,14.9
2026-06-03 16:12:09,83.9,199.3,15.8
2026-06-03 16:12:10,83.9,178.8,15.8
2026-06-03 16:12:11,83.9,176.9,15.8
2026-06-03 16:12:12,83.9,193.9,22.9
2026-06-03 16:12:13,83.9,179.1,22.9
2026-06-03 16:12:14,83.9,166.7,22.9
2026-06-03 16:12:15,83.9,176.3,22.9
2026-06-03 16:12:16,83.9,176.3,22.9
2026-06-03 16:19:26,80.0,--,--
2026-06-03 16:19:27,80.0,--,--
2026-06-03 16:19:28,80.0,--,--
2026-06-03 16:19:29,80.0,--,--
2026-06-03 16:19:30,80.0,--,--
2026-06-03 16:19:31,80.0,--,--
2026-06-03 16:19:33,83.4,--,--
2026-06-03 16:19:34,85.5,--,--
2026-06-03 16:19:35,85.5,--,--
2026-06-03 16:19:36,85.5,--,--
2026-06-03 16:19:37,85.5,--,--
2026-06-03 16:19:38,87.3,--,--
2026-06-03 16:19:39,87.3,--,--
2026-06-03 16:19:40,87.3,--,--
2026-06-03 16:19:41,87.3,--,--
2026-06-03 16:19:42,87.3,--,--
2026-06-03 16:19:43,87.3,--,--
2026-06-03 16:19:44,86.2,--,--
2026-06-03 16:19:45,86.2,--,--
2026-06-03 16:19:46,86.2,--,--
2026-06-03 16:19:47,88.3,192.0,12.3
2026-06-03 16:19:48,88.3,192.0,12.3
2026-06-03 16:19:49,88.3,188.9,19.3
2026-06-03 16:19:50,88.3,181.4,19.3
2026-06-03 16:19:51,88.3,192.6,19.3
2026-06-03 16:19:52,88.3,171.1,19.3
2026-06-03 16:19:53,88.3,171.1,19.3
2026-06-03 16:19:54,87.9,182.0,18.5
2026-06-03 16:19:55,86.8,172.4,18.5
2026-06-03 16:19:56,85.6,179.9,18.5
2026-06-03 16:19:57,85.6,179.9,18.5
2026-06-03 16:19:58,85.6,161.7,19.3
2026-06-03 16:19:59,85.6,164.6,19.3
2026-06-03 16:20:00,85.6,164.6,19.3
2026-06-03 16:20:01,85.6,164.6,19.3
2026-06-03 16:20:02,85.6,164.6,19.3
2026-06-03 16:20:03,85.6,169.6,20.2
2026-06-03 16:20:04,85.6,189.1,20.2
2026-06-03 16:20:05,85.6,169.8,20.2
2026-06-03 16:20:06,84.2,169.8,20.2
2026-06-03 16:20:07,83.4,169.8,20.2
2026-06-03 16:20:08,84.0,169.8,20.2
2026-06-03 16:20:09,84.4,169.8,20.2
2026-06-03 16:20:10,84.4,169.8,20.2
2026-06-03 16:20:11,84.4,169.8,20.2
2026-06-03 16:20:12,84.4,169.8,20.2
2026-06-03 16:20:13,84.6,169.8,20.2
2026-06-03 16:20:14,83.8,195.6,29.0
2026-06-03 16:20:15,81.6,197.7,20.2
2026-06-03 16:20:16,79.2,195.8,20.2
2026-06-03 16:20:17,77.9,195.8,20.2
2026-06-03 16:20:18,77.9,194.1,17.6
2026-06-03 16:20:19,77.9,189.4,17.6
2026-06-03 16:20:20,77.9,189.4,17.6
2026-06-03 16:20:21,77.9,189.4,17.6
2026-06-03 16:20:22,77.9,189.4,17.6
2026-06-03 16:20:23,81.4,192.2,18.5
2026-06-03 16:20:24,81.4,192.2,18.5
2026-06-03 16:20:25,81.4,193.3,14.9
2026-06-03 16:20:27,81.4,193.3,14.9
2026-06-03 16:20:28,81.4,193.3,14.9
2026-06-03 16:20:29,81.4,193.3,14.9
2026-06-03 16:20:30,81.4,193.3,14.9
2026-06-03 16:20:31,81.4,193.3,14.9
2026-06-03 16:20:32,81.4,193.3,14.9
2026-06-03 16:20:33,81.4,193.3,14.9
2026-06-03 16:20:34,81.4,193.3,14.9
2026-06-03 16:20:35,81.4,193.3,14.9
2026-06-03 16:20:36,81.4,193.3,14.9
2026-06-03 16:20:37,81.4,193.3,14.9
2026-06-03 16:20:38,81.4,193.3,14.9
2026-06-03 16:20:39,81.4,193.3,14.9
2026-06-03 16:20:40,81.4,193.3,14.9
2026-06-03 16:20:41,81.4,193.3,14.9
2026-06-03 16:20:42,85.5,193.3,14.9
2026-06-03 16:20:43,87.8,193.3,14.9
2026-06-03 16:20:44,89.9,193.3,14.9
2026-06-03 16:20:45,90.9,193.3,14.9
2026-06-03 16:20:46,90.9,193.3,14.9
2026-06-03 16:20:47,90.9,193.3,14.9
2026-06-03 16:20:48,90.9,193.3,14.9
2026-06-03 16:20:49,90.9,193.3,14.9
2026-06-03 16:20:50,90.9,193.3,14.9
2026-06-03 16:20:51,92.9,193.3,14.9
2026-06-03 16:20:52,95.1,193.3,14.9
2026-06-03 16:20:53,97.4,193.3,14.9
2026-06-03 16:20:54,99.3,186.2,25.5
2026-06-03 16:20:55,100.1,180.4,25.5
2026-06-03 16:20:56,100.1,196.3,16.7
2026-06-03 16:20:57,98.5,196.3,16.7
2026-06-03 16:20:58,98.5,196.3,16.7
2026-06-03 16:20:59,98.5,196.3,16.7
2026-06-03 16:21:00,98.5,196.3,16.7
2026-06-03 16:21:01,98.5,197.7,17.6
2026-06-03 16:21:02,98.5,199.7,17.6
2026-06-03 16:21:03,98.5,199.7,17.6
2026-06-03 16:21:04,98.5,199.7,17.6
2026-06-03 16:21:05,98.5,193.6,17.6
2026-06-03 16:21:06,98.5,193.6,17.6
2026-06-03 16:21:07,98.5,193.6,17.6
2026-06-03 16:21:08,98.5,193.6,17.6
2026-06-03 16:21:09,89.8,183.2,18.5
2026-06-03 16:21:10,89.8,183.2,18.5
2026-06-03 16:21:11,88.2,179.9,17.6
2026-06-03 16:21:12,87.6,190.2,17.6
2026-06-03 16:21:13,87.1,181.5,17.6
2026-06-03 16:21:14,87.1,181.5,17.6
2026-06-03 16:21:15,87.1,181.5,17.6
2026-06-03 16:21:16,87.1,181.5,17.6
2026-06-03 16:21:17,87.1,181.5,17.6
2026-06-03 16:21:18,87.1,181.5,17.6
2026-06-03 16:21:19,87.1,181.5,17.6
2026-06-03 16:21:20,87.1,199.1,22.0
2026-06-03 16:21:21,87.1,199.1,22.0
2026-06-03 16:21:22,87.1,199.1,22.0
2026-06-03 16:21:23,87.1,199.1,22.0
2026-06-03 16:21:24,87.1,199.1,22.0
2026-06-03 16:21:25,87.1,199.1,22.0
2026-06-03 16:21:26,87.1,199.1,22.0
2026-06-03 16:21:27,86.8,199.1,22.0
2026-06-03 16:21:28,86.8,189.0,18.5
2026-06-03 16:21:29,86.8,189.0,18.5
2026-06-03 16:21:30,86.8,189.0,18.5
2026-06-03 16:21:31,86.8,189.0,18.5
2026-06-03 16:21:32,86.8,189.0,18.5
2026-06-03 16:21:33,78.5,189.0,18.5
2026-06-03 16:21:35,78.5,189.0,18.5
2026-06-03 16:21:36,78.5,189.0,18.5
2026-06-03 16:21:37,78.5,189.0,18.5
2026-06-03 16:21:38,77.9,189.0,18.5
2026-06-03 16:21:39,77.9,189.0,18.5
2026-06-03 16:21:40,77.9,189.0,18.5
2026-06-03 16:21:41,77.9,189.0,18.5
2026-06-03 16:21:42,77.9,189.0,18.5
2026-06-03 16:21:43,77.9,189.0,18.5
2026-06-03 16:21:44,71.4,189.0,18.5
2026-06-03 16:21:45,71.4,189.0,18.5
2026-06-03 16:21:46,71.4,189.0,18.5
2026-06-03 16:21:47,71.4,189.0,18.5
2026-06-03 16:21:48,71.4,189.0,18.5
2026-06-03 16:21:49,69.2,189.0,18.5
2026-06-03 16:21:50,66.9,189.0,18.5
2026-06-03 16:21:51,65.3,197.2,22.0
2026-06-03 16:21:52,65.3,197.2,22.0
2026-06-03 16:21:53,65.3,197.2,22.0
2026-06-03 16:21:54,65.3,197.2,22.0
2026-06-03 16:21:55,65.3,197.2,22.0
2026-06-03 16:21:56,65.3,197.2,22.0
2026-06-03 16:21:57,65.3,197.2,22.0
2026-06-03 16:21:58,65.3,197.2,22.0
2026-06-03 16:21:59,65.3,197.2,22.0
2026-06-03 16:22:00,67.6,197.2,22.0
2026-06-03 16:22:01,69.5,197.2,22.0
2026-06-03 16:22:02,69.5,197.2,22.0
2026-06-03 16:22:03,69.5,197.2,22.0
2026-06-03 16:22:04,69.5,197.2,22.0
2026-06-03 16:22:05,69.5,151.8,15.8
2026-06-03 16:22:06,69.5,151.8,15.8
2026-06-03 16:22:07,75.5,199.3,15.8
2026-06-03 16:22:08,75.5,185.5,15.8
2026-06-03 16:22:09,75.5,185.5,15.8
2026-06-03 16:22:10,75.5,188.2,15.8
2026-06-03 16:22:11,75.5,189.9,15.8
2026-06-03 16:22:12,75.5,180.2,14.1
2026-06-03 16:22:13,78.7,195.2,14.1
2026-06-03 16:22:14,80.9,199.2,13.2
2026-06-03 16:22:15,83.3,192.0,13.2
2026-06-03 16:22:16,83.3,187.7,13.2
2026-06-03 16:22:17,83.3,168.9,12.3
2026-06-03 16:29:22,109.0,--,--
2026-06-03 16:29:23,109.0,--,--
2026-06-03 16:29:24,109.0,--,--
2026-06-03 16:29:25,109.0,--,--
2026-06-03 16:29:26,109.0,--,--
2026-06-03 16:29:27,109.0,--,--
2026-06-03 16:29:28,104.2,--,--
2026-06-03 16:29:29,104.2,--,--
2026-06-03 16:29:30,104.2,--,--
2026-06-03 16:29:31,104.2,--,--
2026-06-03 16:29:32,104.2,--,--
2026-06-03 16:29:33,104.2,--,--
2026-06-03 16:29:34,104.2,--,--
2026-06-03 16:29:35,104.2,--,--
2026-06-03 16:29:36,88.8,--,--
2026-06-03 16:29:37,88.8,--,--
2026-06-03 16:29:38,88.8,--,--
2026-06-03 16:29:39,88.8,--,--
2026-06-03 16:29:40,88.8,80.7,17.6
2026-06-03 16:29:41,88.8,80.7,17.6
2026-06-03 16:29:42,88.8,80.7,18.5
2026-06-03 16:29:43,88.8,71.6,18.5
2026-06-03 16:29:44,83.0,93.0,18.5
2026-06-03 16:29:45,83.0,93.0,18.5
2026-06-03 16:29:46,83.0,109.7,18.5
2026-06-03 16:29:47,83.0,109.7,18.5
2026-06-03 16:29:48,83.0,109.7,18.5
2026-06-03 16:29:49,83.0,109.7,18.5
2026-06-03 16:29:50,83.0,109.7,18.5
2026-06-03 16:29:51,83.0,109.7,18.5
2026-06-03 16:29:52,73.9,109.7,18.5
2026-06-03 16:29:53,73.9,109.7,18.5
2026-06-03 16:30:06,96.7,--,--
2026-06-03 16:30:07,96.7,--,--
2026-06-03 16:30:08,99.1,--,--
2026-06-03 16:30:09,99.1,--,--
2026-06-03 16:30:10,99.1,--,--
2026-06-03 16:30:11,99.1,--,--
2026-06-03 16:30:12,99.1,--,--
2026-06-03 16:30:13,99.1,--,--
2026-06-03 16:30:14,99.1,--,--
2026-06-03 16:30:15,91.0,--,--
2026-06-03 16:30:16,91.0,--,--
2026-06-03 16:30:17,91.0,--,--
2026-06-03 16:30:18,91.0,--,--
2026-06-03 16:30:19,91.0,--,--
2026-06-03 16:30:20,91.0,--,--
2026-06-03 16:30:22,91.0,--,--
2026-06-03 16:30:23,90.8,--,--
2026-06-03 16:30:24,91.0,--,--
2026-06-03 16:30:25,91.0,--,--
2026-06-03 16:30:26,91.0,--,--
2026-06-03 16:30:27,91.0,--,--
2026-06-03 16:30:28,91.0,89.3,19.3
2026-06-03 16:30:29,91.0,111.9,18.5
2026-06-03 16:30:30,91.0,59.5,17.6
2026-06-03 16:30:31,91.0,115.5,17.6
2026-06-03 16:30:32,93.5,42.7,17.6
2026-06-03 16:30:33,95.2,42.7,17.6
2026-06-03 16:30:34,95.1,111.5,17.6
2026-06-03 16:30:35,94.3,115.5,17.6
2026-06-03 16:30:36,93.7,115.5,17.6
2026-06-03 16:30:37,93.8,117.3,17.6
2026-06-03 16:30:38,94.4,111.9,17.6
2026-06-03 16:30:39,95.9,111.9,17.6
2026-06-03 16:30:40,95.9,111.9,17.6
2026-06-03 16:30:41,95.9,87.2,17.6
2026-06-03 16:30:42,95.9,109.7,17.6
2026-06-03 16:30:43,95.9,114.8,17.6
2026-06-03 16:30:44,95.9,114.8,17.6
2026-06-03 16:30:45,94.0,114.8,17.6
2026-06-03 16:30:46,92.7,32.1,10.5
2026-06-03 16:30:47,91.3,32.1,10.5
2026-06-03 16:30:48,91.3,71.6,15.8
2026-06-03 16:30:49,91.3,81.6,9.7
2026-06-03 16:30:50,91.3,102.9,28.1
2026-06-03 16:30:51,91.3,102.9,28.1
2026-06-03 16:30:52,91.3,102.9,28.1
2026-06-03 16:30:53,91.3,102.9,28.1
2026-06-03 16:30:54,91.3,73.2,26.4
2026-06-03 16:30:55,91.3,73.2,26.4
2026-06-03 16:30:56,90.2,73.2,26.4
2026-06-03 16:40:42,51.9,--,--
2026-06-03 16:40:43,51.9,--,--
2026-06-03 16:40:44,51.9,--,--
2026-06-03 16:40:45,51.9,--,--
2026-06-03 16:40:46,51.9,--,--
2026-06-03 16:40:47,51.9,--,--
2026-06-03 16:40:48,51.9,--,--
2026-06-03 16:40:49,51.9,--,--
2026-06-03 16:40:50,61.6,--,--
2026-06-03 16:40:51,61.6,--,--
2026-06-03 16:40:52,61.6,--,--
2026-06-03 16:40:53,61.6,--,--
2026-06-03 16:40:55,61.6,--,--
2026-06-03 16:40:56,60.8,--,--
2026-06-03 16:40:57,61.0,--,--
2026-06-03 16:40:58,62.2,--,--
2026-06-03 16:40:59,62.2,--,--
2026-06-03 16:41:00,62.2,--,--
2026-06-03 16:41:01,62.2,--,--
2026-06-03 16:41:02,62.2,85.0,15.8
2026-06-03 16:41:03,62.2,80.8,15.8
2026-06-03 16:41:04,68.9,78.6,15.8
2026-06-03 16:41:05,68.9,76.4,15.8
2026-06-03 16:41:06,68.9,74.7,16.7
2026-06-03 16:41:07,68.9,74.7,17.6
2026-06-03 16:41:08,68.9,75.8,18.5
2026-06-03 16:41:09,68.9,74.1,18.5
2026-06-03 16:41:10,70.1,73.4,23.7
2026-06-03 16:41:11,70.2,76.4,23.7
2026-06-03 16:41:12,70.2,75.8,23.7
2026-06-03 16:41:13,70.2,76.1,23.7
2026-06-03 16:41:14,70.2,76.1,23.7
2026-06-03 16:41:15,70.2,76.9,23.7
2026-06-03 16:41:16,70.2,76.9,23.7
2026-06-03 16:41:17,70.2,76.9,22.9
2026-06-03 16:41:18,70.2,76.9,22.9
2026-06-03 16:41:19,70.2,80.6,11.4
2026-06-03 16:41:20,70.2,80.6,11.4
2026-06-03 16:41:21,70.2,80.6,11.4
2026-06-03 16:41:22,70.2,80.6,11.4
2026-06-03 16:41:23,65.7,80.6,12.3
2026-06-03 16:41:24,63.4,80.6,10.5
2026-06-03 16:41:25,63.6,80.6,11.4
2026-06-03 16:41:26,63.6,80.6,12.3
2026-06-03 16:41:27,63.6,83.7,12.3
2026-06-03 16:41:28,63.6,83.7,13.2
2026-06-03 16:41:29,63.6,83.7,10.5
2026-06-03 16:41:30,65.9,83.7,11.4
2026-06-03 16:41:31,65.9,83.7,10.5
2026-06-03 16:41:32,65.9,83.7,25.5
2026-06-03 16:41:33,65.9,83.7,25.5
2026-06-03 16:41:34,65.9,84.4,26.4
2026-06-03 16:41:35,65.9,84.4,26.4
2026-06-03 16:41:36,65.9,84.4,26.4
2026-06-03 16:41:37,65.9,84.4,26.4
2026-06-03 16:41:38,65.9,84.4,26.4
2026-06-03 16:41:39,65.9,87.8,26.4
2026-06-03 16:49:42,86.1,--,--
2026-06-03 16:49:43,85.3,--,--
2026-06-03 16:49:44,84.5,--,--
2026-06-03 16:49:45,84.5,--,--
2026-06-03 16:49:46,84.5,--,--
2026-06-03 16:49:47,84.5,--,--
2026-06-03 16:49:48,84.5,--,--
2026-06-03 16:49:49,84.5,--,--
2026-06-03 16:49:50,84.5,--,--
2026-06-03 16:49:51,84.5,--,--
2026-06-03 16:49:53,84.5,--,--
2026-06-03 16:49:54,84.5,--,--
2026-06-03 16:49:55,84.5,--,--
2026-06-03 16:49:56,84.5,--,--
2026-06-03 16:49:57,84.5,--,--
2026-06-03 16:49:58,84.5,87.7,9.7
2026-06-03 16:49:59,84.5,87.7,9.7
2026-06-03 16:50:00,84.5,87.0,10.5
2026-06-03 16:50:01,84.5,83.9,10.5
2026-06-03 16:50:02,84.5,83.9,10.5
2026-06-03 16:50:03,84.5,86.9,11.4
2026-06-03 16:50:04,84.5,86.9,11.4
2026-06-03 16:50:05,84.5,86.9,10.5
2026-06-03 16:50:06,84.5,86.9,10.5
2026-06-03 16:50:07,84.5,86.9,10.5
2026-06-03 16:50:08,84.5,86.9,11.4
2026-06-03 16:50:09,84.5,86.9,11.4
2026-06-03 16:50:10,84.5,86.9,11.4
2026-06-03 16:50:11,84.5,86.9,11.4
2026-06-03 16:50:12,84.5,86.9,12.3
2026-06-03 16:50:13,84.5,86.9,23.7
2026-06-03 16:50:14,84.5,86.9,23.7
2026-06-03 16:50:15,84.5,88.7,23.7
2026-06-03 16:50:16,84.5,89.4,24.6
2026-06-03 16:50:17,84.5,88.8,24.6
2026-06-03 16:50:18,84.5,88.4,24.6
2026-06-03 16:50:19,84.5,88.4,24.6
2026-06-03 16:50:20,84.5,88.4,10.5
2026-06-03 16:50:21,84.5,88.4,24.6
2026-06-03 16:50:22,84.5,86.0,14.9
2026-06-03 16:50:23,84.5,84.7,14.9
2026-06-03 16:50:24,84.5,84.7,14.9
2026-06-03 16:50:25,84.5,84.7,14.9
2026-06-03 16:50:26,84.5,84.7,14.9
2026-06-03 16:50:27,84.5,84.7,14.9
2026-06-03 16:50:28,84.5,84.7,14.9
2026-06-03 16:50:29,84.5,84.0,14.9
2026-06-03 16:50:30,84.5,87.6,22.9
2026-06-03 16:50:31,84.5,85.1,22.9
2026-06-03 16:50:32,82.6,83.7,22.9
2026-06-03 16:50:33,83.1,81.9,22.9
2026-06-03 16:50:34,82.7,81.3,22.9
2026-06-03 16:50:35,81.9,79.7,22.9
2026-06-03 16:50:36,81.9,79.4,22.9
2026-06-03 16:50:37,82.9,79.8,23.7
2026-06-03 16:50:38,83.6,78.0,14.9
2026-06-03 16:50:39,83.3,74.9,14.9
2026-06-03 16:50:40,83.3,73.2,14.9
2026-06-03 16:50:41,82.3,74.3,14.9
2026-06-03 16:50:42,81.9,71.8,14.1
2026-06-03 16:50:43,80.5,71.8,14.1
2026-06-03 16:50:44,80.5,74.6,19.3
2026-06-03 16:50:45,80.5,74.6,19.3
2026-06-03 16:50:46,80.5,78.0,19.3
2026-06-03 16:50:47,79.3,74.0,19.3
2026-06-03 16:50:48,78.2,74.5,19.3
2026-06-03 16:50:49,77.9,77.6,19.3
2026-06-03 16:50:50,78.3,77.6,19.3
2026-06-03 16:50:51,79.3,80.1,19.3
2026-06-03 16:50:52,81.1,82.0,19.3
2026-06-03 16:50:53,82.9,82.0,19.3
2026-06-03 16:58:28,62.4,--,--
2026-06-03 16:58:29,61.9,--,--
2026-06-03 16:58:30,62.7,--,--
2026-06-03 16:58:31,63.6,--,--
2026-06-03 16:58:32,63.9,--,--
2026-06-03 16:58:33,63.9,--,--
2026-06-03 16:58:34,63.9,--,--
2026-06-03 16:58:35,63.9,--,--
2026-06-03 16:58:36,63.9,--,--
2026-06-03 16:58:37,63.9,--,--
2026-06-03 16:58:38,63.9,--,--
2026-06-03 16:58:39,63.9,--,--
2026-06-03 16:58:40,63.9,--,--
2026-06-03 16:58:41,63.9,100.5,22.9
2026-06-03 16:58:42,63.9,99.2,23.0
2026-06-03 16:58:43,63.9,99.0,23.2
2026-06-03 16:58:44,63.9,99.0,23.3
2026-06-03 16:58:45,63.9,99.0,23.4
2026-06-03 16:58:46,63.9,100.1,23.4
2026-06-03 16:58:47,63.9,101.3,23.5
2026-06-03 16:58:48,63.9,102.4,23.5
2026-06-03 16:58:49,63.9,103.9,23.6
2026-06-03 16:58:50,63.9,104.9,23.6
2026-06-03 16:58:51,63.9,104.9,23.6
2026-06-03 16:58:52,63.9,105.3,23.7
2026-06-03 16:58:53,63.9,105.5,23.7
2026-06-03 16:58:54,63.9,104.3,23.5
2026-06-03 16:58:55,63.9,104.3,23.4
2026-06-03 16:58:56,63.9,104.0,23.3
2026-06-03 16:58:57,63.9,104.0,23.0
2026-06-03 16:58:58,63.9,104.4,22.8
2026-06-03 16:58:59,63.9,102.2,22.6
2026-06-03 16:59:00,63.9,102.2,22.5
2026-06-03 16:59:01,63.9,102.2,22.2
2026-06-03 16:59:02,63.9,99.3,22.0
2026-06-03 16:59:03,70.3,98.8,21.6
2026-06-03 16:59:04,70.3,98.8,21.2
2026-06-03 16:59:05,70.3,100.0,20.6
2026-06-03 16:59:06,70.3,97.8,20.2
2026-06-03 16:59:07,70.3,99.7,19.7
2026-06-03 16:59:08,70.3,100.0,19.3
2026-06-03 16:59:09,70.3,99.4,18.7
2026-06-03 16:59:10,70.3,98.9,18.3
2026-06-03 16:59:11,70.3,98.5,18.0
2026-06-03 16:59:12,70.3,97.2,17.6
2026-06-03 16:59:13,70.3,95.7,17.2
2026-06-03 16:59:14,70.3,96.3,16.9
2026-06-03 16:59:15,70.3,95.2,16.5
2026-06-03 16:59:16,70.3,93.4,16.2
2026-06-03 16:59:17,70.3,90.9,16.0
2026-06-03 16:59:18,70.3,88.6,15.8
2026-06-03 16:59:19,70.3,88.0,15.6
2026-06-03 17:10:52,56.2,--,--
2026-06-03 17:10:53,56.2,--,--
2026-06-03 17:10:54,56.2,--,--
2026-06-03 17:10:55,56.2,--,--
2026-06-03 17:10:56,76.5,--,--
2026-06-03 17:10:57,78.0,--,--
2026-06-03 17:10:58,78.7,--,--
2026-06-03 17:10:59,77.4,--,--
2026-06-03 17:11:00,74.7,--,--
2026-06-03 17:11:01,74.7,--,--
2026-06-03 17:11:02,74.7,--,--
2026-06-03 17:11:03,74.7,--,--
2026-06-03 17:11:04,74.7,--,--
2026-06-03 17:11:23,87.9,--,--
2026-06-03 17:11:24,88.9,--,--
2026-06-03 17:11:25,89.4,--,--
2026-06-03 17:11:26,88.5,--,--
2026-06-03 17:11:27,86.5,--,--
2026-06-03 17:11:28,86.5,--,--
2026-06-03 17:11:29,82.1,--,--
2026-06-03 17:11:30,77.7,--,--
2026-06-03 17:11:31,75.4,--,--
2026-06-03 17:11:32,75.4,--,--
2026-06-03 17:11:33,75.4,--,--
2026-06-03 17:11:34,70.7,--,--
2026-06-03 17:11:35,67.3,--,--
2026-06-03 17:11:36,66.5,--,--
2026-06-03 17:11:37,66.5,--,--
2026-06-03 17:11:38,66.5,--,--
2026-06-03 17:11:39,66.5,--,--
2026-06-03 17:11:40,66.5,--,--
2026-06-03 17:11:41,66.5,66.6,23.7
2026-06-03 17:11:42,72.9,66.6,23.7
2026-06-03 17:11:43,73.5,70.6,23.7
2026-06-03 17:11:44,73.5,70.4,23.7
2026-06-03 17:11:45,73.5,70.4,23.7
2026-06-03 17:11:46,73.5,72.4,23.6
2026-06-03 17:11:47,73.5,71.5,23.2
2026-06-03 17:11:48,87.9,73.2,22.8
2026-06-03 17:11:49,87.4,73.2,22.3
2026-06-03 17:11:50,87.2,73.2,21.9
2026-06-03 17:11:51,87.6,73.2,21.5
2026-06-03 17:11:52,87.8,75.7,21.3
2026-06-03 17:11:53,88.4,73.9,21.1
2026-06-03 17:11:54,89.7,72.2,20.9
2026-06-03 17:11:55,89.7,70.7,19.5
2026-06-03 17:11:56,88.6,70.3,19.7
2026-06-03 17:11:57,88.6,68.7,21.5
2026-06-03 17:11:58,85.0,66.4,23.0
2026-06-03 17:11:59,84.6,63.0,24.2
2026-06-03 17:12:00,84.6,63.7,25.0
2026-06-03 17:12:01,84.6,63.6,25.6
2026-06-03 17:12:02,84.6,63.6,26.0
2026-06-03 17:12:04,80.3,64.2,26.0
2026-06-03 17:12:05,75.9,65.6,26.1
2026-06-03 17:12:06,73.6,67.9,26.2
2026-06-03 17:12:07,73.6,70.2,26.0
2026-06-03 17:12:08,73.6,70.5,25.9
2026-06-03 17:12:09,73.6,69.0,25.8
2026-06-03 17:12:10,73.6,65.9,25.8
2026-06-03 17:12:11,69.0,65.9,25.7
2026-06-03 17:12:12,69.0,65.9,24.8
2026-06-03 17:18:50,61.5,--,--
2026-06-03 17:18:51,61.0,--,--
2026-06-03 17:18:52,59.7,--,--
2026-06-03 17:18:53,58.7,--,--
2026-06-03 17:18:54,56.2,--,--
2026-06-03 17:18:55,54.6,--,--
2026-06-03 17:18:56,54.6,--,--
2026-06-03 17:18:57,85.3,--,--
2026-06-03 17:18:58,84.7,--,--
2026-06-03 17:18:59,84.5,--,--
2026-06-03 17:19:00,84.4,--,--
2026-06-03 17:19:01,81.8,--,--
2026-06-03 17:19:02,78.1,--,--
2026-06-03 17:19:03,75.5,--,--
2026-06-03 17:19:04,74.5,--,--
2026-06-03 17:19:05,75.2,--,--
2026-06-03 17:19:06,77.0,--,--
2026-06-03 17:19:07,78.8,--,--
2026-06-03 17:19:08,81.1,94.3,14.9
2026-06-03 17:19:09,85.7,94.0,14.9
2026-06-03 17:19:10,88.1,94.0,14.9
2026-06-03 17:19:11,87.4,94.0,14.9
2026-06-03 17:19:12,86.1,94.6,14.9
2026-06-03 17:19:13,85.6,96.2,14.8
2026-06-03 17:19:14,86.4,96.2,14.7
2026-06-03 17:19:15,88.9,93.0,14.5
2026-06-03 17:19:16,93.0,93.0,14.3
2026-06-03 17:19:17,96.8,93.5,14.1
2026-06-03 17:19:18,98.8,95.2,13.8
2026-06-03 17:19:19,100.7,94.8,13.6
2026-06-03 17:19:20,54.5,94.8,13.4
2026-06-03 17:19:21,55.0,94.8,13.2
2026-06-03 17:19:22,56.3,94.8,13.2
2026-06-03 17:19:24,60.5,94.8,13.2
2026-06-03 17:19:25,63.2,94.8,12.7
2026-06-03 17:19:26,64.8,94.8,14.0
2026-06-03 17:19:27,65.5,94.8,15.0
2026-06-03 17:19:28,66.3,94.8,15.9
2026-06-03 17:19:29,65.5,94.8,15.3
2026-06-03 17:19:30,64.2,94.8,14.6
2026-06-03 17:19:31,62.1,94.8,14.1
2026-06-03 17:19:32,59.6,94.8,13.7
2026-06-03 17:19:33,57.6,94.8,14.0
2026-06-03 17:19:34,55.7,94.8,13.8
2026-06-03 17:19:35,53.9,94.8,13.5
2026-06-03 17:19:36,52.2,94.8,13.6
2026-06-03 17:19:37,87.0,94.8,13.5
2026-06-03 17:19:38,86.5,94.8,13.5
2026-06-03 17:19:39,85.2,94.8,13.4
2026-06-03 17:19:40,84.2,94.8,13.4
2026-06-03 17:19:41,82.7,94.8,13.4
2026-06-03 17:19:42,80.0,94.8,13.3
2026-06-03 17:19:43,78.4,94.8,13.3
2026-06-03 17:19:44,77.2,94.8,13.3
2026-06-03 17:19:45,76.2,94.8,13.3
2026-06-03 17:19:46,74.3,94.8,13.3
2026-06-03 17:19:47,72.9,94.8,13.3
2026-06-03 17:19:48,90.5,94.8,13.4
2026-06-03 17:19:49,91.1,94.8,13.5
2026-06-03 17:19:50,91.3,94.8,13.6
2026-06-03 17:19:51,91.4,94.8,13.6
2026-06-03 17:19:52,91.4,94.8,14.5
2026-06-03 17:19:53,91.4,94.8,15.2
2026-06-03 17:19:54,90.3,94.2,15.8
2026-06-03 17:19:55,88.9,96.4,16.4
2026-06-03 17:19:56,87.2,96.4,16.8
2026-06-03 17:19:57,86.0,98.7,17.2
2026-06-03 17:19:58,86.1,98.7,17.5
2026-06-03 17:19:59,87.2,98.7,17.8
2026-06-03 17:20:00,87.6,95.9,18.0
2026-06-03 17:20:01,86.7,95.9,18.2
2026-06-03 17:20:02,76.5,95.9,18.4
2026-06-03 17:20:03,76.5,95.5,18.5
2026-06-03 17:20:04,75.9,95.5,18.6
2026-06-03 17:20:05,75.7,95.5,18.8
2026-06-03 17:20:06,75.1,95.5,18.8
2026-06-03 17:20:07,80.1,96.1,18.9
2026-06-03 17:20:08,85.8,96.1,18.8
2026-06-03 17:20:09,89.2,96.1,18.8
2026-06-03 17:20:10,90.5,96.1,18.7
2026-06-03 17:20:11,88.9,96.1,18.7
2026-06-03 17:20:12,84.6,96.1,18.7
2026-06-03 17:20:13,83.9,96.1,18.6
2026-06-03 17:20:14,84.2,96.1,18.5
2026-06-03 17:20:15,84.8,96.1,18.3
2026-06-03 17:20:16,84.6,96.1,18.1
2026-06-03 17:20:17,82.9,96.1,17.9
2026-06-03 17:20:18,81.1,96.1,17.7
2026-06-03 17:20:19,81.0,96.1,17.6
2026-06-03 17:20:20,81.4,92.4,18.1
2026-06-03 17:20:21,82.1,93.8,18.7
2026-06-03 17:20:23,82.4,93.8,19.2
2026-06-03 17:20:24,83.1,90.9,19.6
2026-06-03 17:20:25,85.4,90.9,19.8
2026-06-03 17:20:26,87.4,90.9,19.3
2026-06-03 17:20:27,88.2,90.9,18.9
2026-06-03 17:20:28,89.1,90.9,18.7
2026-06-03 17:20:29,89.4,93.4,18.7
2026-06-03 17:20:30,89.0,93.4,18.7
2026-06-03 17:20:31,59.8,93.4,18.6
2026-06-03 17:20:32,59.2,93.4,18.6
2026-06-03 17:20:33,59.0,93.4,18.6
2026-06-03 17:20:34,58.9,93.4,18.6
2026-06-03 17:20:35,59.4,93.4,18.5
2026-06-03 17:23:36,79.1,--,--
2026-06-03 17:23:37,80.4,--,--
2026-06-03 17:23:38,104.6,--,--
2026-06-03 17:23:39,104.6,--,--
2026-06-03 17:23:40,105.5,--,--
2026-06-03 17:23:41,105.5,--,--
2026-06-03 17:23:42,105.5,--,--
2026-06-03 17:23:43,105.5,--,--
2026-06-03 17:23:44,105.5,--,--
2026-06-03 17:23:45,58.0,--,--
2026-06-03 17:23:46,59.3,--,--
2026-06-03 17:23:47,63.1,--,--
2026-06-03 17:23:48,66.2,--,--
2026-06-03 17:23:49,67.8,--,--
2026-06-03 17:23:50,69.1,--,--
2026-06-03 17:23:51,70.1,--,--
2026-06-03 17:23:52,71.1,--,--
2026-06-03 17:23:53,71.1,--,--
2026-06-03 17:23:54,71.1,--,--
2026-06-03 17:23:55,71.1,--,--
2026-06-03 17:23:56,93.2,90.4,18.5
2026-06-03 17:23:57,93.6,90.4,18.5
2026-06-03 17:23:58,93.4,88.7,18.5
2026-06-03 17:23:59,90.6,88.7,18.5
2026-06-03 17:24:00,88.8,88.7,18.5
2026-06-03 17:24:01,87.9,88.7,18.5
2026-06-03 17:24:02,87.9,91.7,18.5
2026-06-03 17:24:03,87.9,91.7,18.3
2026-06-03 17:24:04,87.0,91.7,18.2
2026-06-03 17:24:05,86.6,91.7,18.1
2026-06-03 17:24:06,86.4,88.9,17.9
2026-06-03 17:24:07,123.0,88.9,17.7
2026-06-03 17:24:09,122.6,88.9,17.6
2026-06-03 17:24:09,121.9,88.9,17.4
2026-06-03 17:24:11,121.9,88.9,17.3
2026-06-03 17:24:12,110.7,88.9,17.2
2026-06-03 17:24:13,109.0,88.9,17.2
2026-06-03 17:24:14,72.9,88.9,17.1
2026-06-03 17:24:15,73.4,88.9,17.0
2026-06-03 17:24:16,74.0,88.9,17.1
2026-06-03 17:24:17,74.4,88.9,17.2
2026-06-03 17:24:18,74.5,91.0,17.5
2026-06-03 17:24:19,74.6,92.9,17.9
2026-06-03 17:24:20,73.8,92.9,18.3
2026-06-03 17:24:21,72.9,92.9,18.5
2026-06-03 17:28:46,56.2,--,--
2026-06-03 17:28:47,56.1,--,--
2026-06-03 17:28:48,55.7,--,--
2026-06-03 17:28:49,55.2,--,--
2026-06-03 17:28:50,54.5,--,--
2026-06-03 17:28:51,54.5,--,--
2026-06-03 17:28:52,54.5,--,--
2026-06-03 17:28:53,54.5,--,--
2026-06-03 17:28:54,86.1,--,--
2026-06-03 17:28:55,86.7,--,--
2026-06-03 17:28:56,87.1,--,--
2026-06-03 17:28:57,87.1,--,--
2026-06-03 17:28:58,86.6,--,--
2026-06-03 17:28:59,86.0,--,--
2026-06-03 17:29:00,86.0,--,--
2026-06-03 17:29:01,85.8,--,--
2026-06-03 17:29:02,85.5,--,--
2026-06-03 17:29:03,85.5,--,--
2026-06-03 17:29:04,85.5,--,--
2026-06-03 17:29:05,85.1,--,--
2026-06-03 17:29:06,84.9,--,--
2026-06-03 17:29:07,84.9,--,--
2026-06-03 17:29:08,84.6,--,--
2026-06-03 17:29:09,84.3,--,--
2026-06-03 17:29:10,84.3,--,--
2026-06-03 17:29:11,84.6,--,--
2026-06-03 17:29:12,85.1,--,--
2026-06-03 17:29:13,85.6,--,--
2026-06-03 17:29:14,86.2,--,--
2026-06-03 17:29:15,85.4,--,--
2026-06-03 17:29:16,86.2,--,--
2026-06-03 17:29:17,86.2,--,--
2026-06-03 17:29:18,86.5,--,--
2026-06-03 17:29:19,86.5,--,--
2026-06-03 17:29:20,86.5,--,--
2026-06-03 17:29:21,86.4,--,--
2026-06-03 17:29:22,86.5,--,--
2026-06-03 17:29:23,86.9,--,--
2026-06-03 17:29:24,87.6,--,--
2026-06-03 17:29:25,88.3,--,--
2026-06-03 17:29:27,87.5,--,--
2026-06-03 17:29:28,86.9,--,--
2026-06-03 17:29:29,86.2,--,--
2026-06-03 17:29:30,85.6,--,--
2026-06-03 17:29:31,85.4,--,--
2026-06-03 17:29:32,85.2,--,--
2026-06-03 17:29:33,85.2,--,--
2026-06-03 17:29:34,85.1,--,--
2026-06-03 17:29:35,85.1,--,--
2026-06-03 17:29:36,85.1,--,--
2026-06-03 17:29:37,85.1,--,--
2026-06-03 17:29:38,85.0,--,--
2026-06-03 17:29:39,85.0,--,--
2026-06-03 17:29:40,84.9,--,--
2026-06-03 17:29:41,84.3,--,--
2026-06-03 17:29:42,85.0,--,--
2026-06-03 17:29:43,85.5,--,--
2026-06-03 17:29:44,84.9,90.4,15.2
2026-06-03 17:29:45,84.6,90.4,15.0
2026-06-03 17:29:46,84.5,90.4,14.9
2026-06-03 17:29:47,84.5,90.4,14.7
2026-06-03 17:29:48,84.7,88.0,14.6
2026-06-03 17:29:49,84.8,85.9,14.6
2026-06-03 17:29:50,84.8,85.9,14.5
2026-06-03 17:29:51,84.5,81.2,14.5
2026-06-03 17:29:52,83.9,81.6,14.6
2026-06-03 17:29:53,83.1,76.7,14.5
2026-06-03 17:29:54,82.4,75.7,14.6
2026-06-03 17:29:55,81.8,72.0,15.7
2026-06-03 17:29:56,81.2,73.3,16.6
2026-06-03 17:29:57,81.2,73.3,17.4
2026-06-03 17:29:58,81.8,73.3,16.3
2026-06-03 17:29:59,82.5,73.3,17.1
2026-06-03 17:30:00,82.5,73.3,17.9
2026-06-03 17:30:01,82.5,73.3,17.9
2026-06-03 17:30:02,82.5,73.3,18.0
2026-06-03 17:30:03,55.4,73.3,18.1
2026-06-03 17:30:04,55.5,73.3,18.1
2026-06-03 17:30:05,55.5,73.3,19.0
2026-06-03 17:30:06,55.5,73.3,19.7
2026-06-03 17:30:07,55.0,74.3,19.4
2026-06-03 17:30:08,54.3,74.3,19.1
2026-06-03 17:30:09,54.3,75.4,18.9
2026-06-03 17:30:10,54.3,75.4,18.7
2026-06-03 17:30:11,54.3,79.5,18.5
2026-06-03 17:30:12,84.4,79.5,18.5
2026-06-03 17:30:14,84.5,79.5,18.5
2026-06-03 17:30:15,84.6,79.5,18.6
2026-06-03 17:30:16,84.8,79.5,18.7
2026-06-03 17:30:17,85.2,79.5,18.8
2026-06-03 17:56:31,61.5,--,--
2026-06-03 17:56:32,61.3,--,--
2026-06-03 17:56:33,61.1,--,--
2026-06-03 17:56:34,60.9,--,--
2026-06-03 17:56:35,60.9,--,--
2026-06-03 17:56:36,61.0,--,--
2026-06-03 17:56:37,61.0,--,--
2026-06-03 17:56:38,61.0,--,--
2026-06-03 17:56:40,61.0,--,--
2026-06-03 17:56:41,86.1,--,--
2026-06-03 17:56:42,86.2,--,--
2026-06-03 17:56:43,86.3,--,--
2026-06-03 17:56:44,86.3,--,--
2026-06-03 17:56:45,86.2,--,--
2026-06-03 17:56:46,86.0,--,--
2026-06-03 17:56:47,85.7,--,--
2026-06-03 17:56:48,85.7,--,--
2026-06-03 17:56:49,85.7,--,--
2026-06-03 17:56:50,86.2,73.2,13.2
2026-06-03 17:56:51,86.2,73.9,13.2
2026-06-03 17:56:52,86.2,74.7,13.2
2026-06-03 17:56:53,86.5,72.8,13.1
2026-06-03 17:56:54,86.7,73.1,12.9
2026-06-03 17:56:55,86.8,73.4,12.8
2026-06-03 17:56:56,87.1,71.7,12.8
2026-06-03 17:56:57,87.5,72.1,12.7
2026-06-03 17:56:58,88.2,72.5,12.6
2026-06-03 17:56:59,88.9,72.5,12.7
2026-06-03 17:57:00,89.4,72.5,12.8
2026-06-03 17:57:01,89.8,72.5,12.8
2026-06-03 17:57:02,90.0,69.1,12.9
2026-06-03 17:57:03,90.2,69.1,13.1
2026-06-03 17:57:04,90.4,65.4,13.4
2026-06-03 17:57:05,90.7,65.4,13.6
2026-06-03 17:57:06,91.0,70.8,13.8
2026-06-03 17:57:07,90.9,75.5,14.1
2026-06-03 17:57:08,90.7,74.3,14.4
2026-06-03 17:57:09,90.3,77.6,14.6
2026-06-03 17:57:10,90.0,79.6,14.9
2026-06-03 17:57:11,89.8,79.6,15.3
2026-06-03 17:57:12,89.8,79.6,15.6
2026-06-03 17:57:13,89.9,81.1,16.1
2026-06-03 17:57:14,90.1,81.1,16.4
2026-06-03 17:57:15,90.4,81.1,16.7
2026-06-03 17:57:16,90.7,81.1,17.0
2026-06-03 17:57:17,91.0,81.1,17.2
2026-06-03 17:57:18,91.0,81.1,17.4
2026-06-03 17:57:19,90.7,81.1,17.6
2026-06-04 07:53:37,54.5,--,--
2026-06-04 07:53:38,54.5,--,--
2026-06-04 07:53:39,54.6,--,--
2026-06-04 07:54:12,72.9,--,--
2026-06-04 07:54:13,72.9,--,--
2026-06-04 07:54:15,73.3,--,--
2026-06-04 07:54:16,73.8,--,--
2026-06-04 07:54:17,74.6,--,--
2026-06-04 07:54:18,75.3,--,--
2026-06-04 07:54:19,75.7,--,--
2026-06-04 07:54:20,75.2,--,--
2026-06-04 07:54:21,74.7,--,--
2026-06-04 07:54:22,74.0,--,--
2026-06-04 07:54:23,74.0,--,--
2026-06-04 07:54:24,74.0,--,--
2026-06-04 07:54:25,74.7,--,--
2026-06-04 07:54:26,75.4,--,--
2026-06-04 07:54:27,75.9,--,--
2026-06-04 07:54:28,76.3,--,--
2026-06-04 07:54:29,76.8,--,--
2026-06-04 07:54:30,77.5,--,--
2026-06-04 07:54:31,78.0,107.0,12.3
2026-06-04 07:54:32,78.4,100.6,12.3
2026-06-04 07:54:33,78.5,96.1,12.4
2026-06-04 07:54:34,78.7,93.9,12.4
2026-06-04 07:54:35,78.8,90.7,13.1
2026-06-04 07:54:36,79.1,91.4,13.7
2026-06-04 07:54:37,79.4,88.4,14.4
2026-06-04 07:54:38,79.6,86.7,15.0
2026-06-04 07:54:39,79.5,85.2,15.7
2026-06-04 07:54:40,79.3,85.2,16.4
2026-06-04 07:54:41,79.0,85.2,17.1
2026-06-04 07:54:42,79.0,83.1,17.7
2026-06-04 07:54:43,79.2,83.1,18.2
2026-06-04 07:54:44,79.2,83.1,18.8
2026-06-04 07:54:45,79.2,82.9,19.1
2026-06-04 07:54:46,79.2,82.2,19.4
2026-06-04 07:54:47,55.4,82.2,19.7
2026-06-04 07:54:48,55.6,81.1,19.9
2026-06-04 07:54:49,56.0,81.1,18.9
2026-06-04 07:54:50,56.6,81.1,18.0
2026-06-04 07:54:51,57.4,81.1,17.3
2026-06-04 07:54:52,57.1,81.1,16.8
2026-06-04 07:54:53,56.7,81.1,16.4
2026-06-04 07:54:54,56.3,81.1,16.2
2026-06-04 07:54:55,56.1,81.1,16.1
2026-06-04 07:54:56,55.7,81.1,16.2
2026-06-04 07:54:57,55.3,81.1,16.3
2026-06-04 07:54:59,54.8,81.1,16.3
2026-06-04 07:55:00,54.2,81.1,16.5
2026-06-04 07:55:01,54.2,81.1,16.7
2026-06-04 07:55:02,53.6,81.1,16.8
2026-06-04 07:55:03,53.6,81.1,16.9
2026-06-04 07:55:04,53.1,81.1,17.0
2026-06-04 07:55:05,52.7,81.1,17.1
2026-06-04 07:55:06,52.7,81.1,17.3
2026-06-04 07:55:07,53.1,81.1,17.5
2026-06-04 07:55:08,53.1,79.6,17.6
2026-06-04 07:55:09,52.6,79.6,17.9
2026-06-04 07:55:10,52.6,79.6,18.1
2026-06-04 07:55:11,52.6,79.6,18.3
2026-06-04 07:55:12,52.6,83.4,18.4
2026-06-04 07:55:13,63.3,82.4,18.6
2026-06-04 07:55:14,63.5,81.3,18.7
2026-06-04 07:55:15,63.8,84.5,18.7
2026-06-04 07:55:16,64.2,84.5,18.6
2026-06-04 07:55:17,64.8,84.5,18.6
2026-06-04 07:55:18,65.5,84.5,18.6
2026-06-04 07:55:19,65.5,84.5,18.6
2026-06-04 07:55:20,65.5,84.5,18.5
2026-06-04 07:55:21,66.2,84.5,18.5
2026-06-04 07:55:22,66.7,84.5,18.5
2026-06-04 07:55:23,67.2,84.5,18.5
2026-06-04 07:55:24,67.9,84.5,18.6
2026-06-04 07:55:25,68.5,84.5,18.7
2026-06-04 07:55:26,69.0,84.5,18.8
2026-06-04 07:55:27,69.3,84.5,18.9
2026-06-04 07:55:28,69.3,84.5,19.0
2026-06-04 07:55:29,69.2,84.5,19.0
2026-06-04 07:55:30,69.1,84.5,19.1
2026-06-04 07:55:31,69.0,84.5,19.1
2026-06-04 07:55:32,68.7,84.5,19.1
2026-06-04 07:55:33,68.6,82.7,19.2
2026-06-04 07:55:34,68.5,82.7,19.2
2026-06-04 07:55:35,68.5,82.7,19.2
2026-06-04 07:55:36,68.5,82.7,19.2
2026-06-04 07:55:37,69.3,82.7,19.3
2026-06-04 07:55:38,69.3,82.7,19.3
2026-06-04 07:55:39,69.7,82.7,19.3
2026-06-04 07:55:40,70.0,83.2,19.3
2026-06-04 07:55:41,70.4,83.7,19.3
2026-06-04 07:55:42,71.0,83.7,19.3
2026-06-04 07:55:43,71.6,83.7,19.3
2026-06-04 07:55:44,72.2,83.7,19.2
2026-06-04 07:55:45,72.6,85.6,17.8
2026-06-04 07:55:46,72.8,85.6,16.5
2026-06-04 07:55:47,72.9,88.2,15.5
2026-06-04 07:55:48,72.9,89.4,14.8
2026-06-04 07:55:50,73.1,89.4,14.1
2026-06-04 07:55:51,73.4,89.4,13.6
